Wall time,Step,Value
1702885281.502373,0,0.961899995803833
1702885299.073568,1,0.8309999704360962
1702885316.798176,2,0.8270999789237976
1702885334.376157,3,0.9836999773979187
1702885353.064899,4,0.9671000242233276
1702885370.153861,5,0.9491999745368958
1702885387.427181,6,0.9429000020027161
1702885404.603455,7,0.9868000149726868
1702885421.937785,8,0.9883999824523926
1702885439.652953,9,0.9847999811172485
