Wall time,Step,Value
1702897541.946558,0,0.8730000257492065
1702897561.313561,1,0.9692999720573425
1702897580.292206,2,0.9648000001907349
1702897597.099765,3,0.986299991607666
1702897614.307441,4,0.9866999983787537
1702897632.106787,5,0.9708999991416931
1702897651.028637,6,0.9800999760627747
1702897671.050927,7,0.9854000210762024
1702897690.808292,8,0.9912999868392944
1702897710.729483,9,0.9861999750137329
