Wall time,Step,Value
1702899023.891226,0,0.9807000160217285
1702899058.924377,1,0.9869999885559082
1702899093.37037,2,0.9886000156402588
1702899127.540822,3,0.9869999885559082
1702899162.189898,4,0.9929999709129333
1702899197.103842,5,0.9912999868392944
1702899231.439982,6,0.989799976348877
1702899266.362249,7,0.9886000156402588
1702899301.235913,8,0.9912999868392944
1702899336.124152,9,0.9930999875068665
