Wall time,Step,Value
1702885080.622502,0,0.121799997985363
1702885098.431,1,0.16509999334812164
1702885116.916776,2,0.35359999537467957
1702885135.681526,3,0.439300000667572
1702885153.744889,4,0.2506999969482422
1702885171.673875,5,0.20270000398159027
1702885188.955556,6,0.4916999936103821
1702885206.500608,7,0.5412999987602234
1702885223.807753,8,0.5733000040054321
1702885241.622317,9,0.25619998574256897
