Wall time,Step,Value
1702897864.060647,0,0.8457000255584717
1702897882.126758,1,0.8913999795913696
1702897899.7061,2,0.9613000154495239
1702897917.04992,3,0.9653000235557556
1702897933.892787,4,0.9746000170707703
1702897950.593683,5,0.9793000221252441
1702897967.997445,6,0.9699000120162964
1702897984.855842,7,0.9761999845504761
1702898002.213963,8,0.9843000173568726
1702898019.114546,9,0.8956000208854675
