Wall time,Step,Value
1702896287.396693,0,0.8416000008583069
1702896306.142839,1,0.9714000225067139
1702896323.86214,2,0.9510999917984009
1702896340.997383,3,0.9386000037193298
1702896357.628773,4,0.9868999719619751
1702896374.471412,5,0.9715999960899353
1702896391.57746,6,0.9876000285148621
1702896408.800338,7,0.9858999848365784
1702896426.09876,8,0.9904000163078308
1702896442.918368,9,0.9860000014305115
