Wall time,Step,Value
1702896471.048498,0,0.8781999945640564
1702896489.01513,1,0.917900025844574
1702896508.665714,2,0.9538000226020813
1702896528.226086,3,0.9635000228881836
1702896548.732554,4,0.9713000059127808
1702896568.948881,5,0.970300018787384
1702896589.066974,6,0.974399983882904
1702896607.855959,7,0.9785000085830688
1702896626.960892,8,0.9778000116348267
1702896646.368259,9,0.9751999974250793
