Wall time,Step,Value
1702898737.433218,0,0.9696999788284302
1702898760.919306,1,0.9555000066757202
1702898784.193581,2,0.989799976348877
1702898806.199886,3,0.9836000204086304
1702898828.833404,4,0.9905999898910522
1702898851.699378,5,0.9879999756813049
1702898876.314866,6,0.9882000088691711
1702898904.031581,7,0.9904000163078308
1702898928.635532,8,0.9884999990463257
1702898955.049646,9,0.9894999861717224
