Wall time,Step,Value
1702899621.203672,0,0.7530999779701233
1702899639.555376,1,0.9623000025749207
1702899657.103681,2,0.9666000008583069
1702899673.456058,3,0.9836000204086304
1702899690.125412,4,0.9861999750137329
1702899706.550511,5,0.9488000273704529
1702899722.737769,6,0.9871000051498413
1702899739.097738,7,0.9879000186920166
1702899755.143834,8,0.9864000082015991
1702899771.020963,9,0.9851999878883362
