Wall time,Step,Value
1702883637.164426,0,0.9453999996185303
1702883654.429845,1,0.9085999727249146
1702883672.123662,2,0.9800999760627747
1702883689.132531,3,0.9796000123023987
1702883706.199528,4,0.9878000020980835
1702883723.54963,5,0.9833999872207642
1702883740.802911,6,0.9896000027656555
1702883757.195289,7,0.9781000018119812
1702883774.288723,8,0.9904000163078308
1702883791.281772,9,0.9908000230789185
