Wall time,Step,Value
1702624462.097031,0,0.6441666483879089
1702624462.386612,1,0.8105555772781372
1702624462.734211,2,0.8883333206176758
1702624462.950053,3,0.9105555415153503
1702624463.224351,4,0.9183333516120911
1702624463.453061,5,0.9191666841506958
1702624463.720151,6,0.9186111092567444
1702624464.072901,7,0.92166668176651
1702624464.357486,8,0.92166668176651
1702624464.62006,9,0.9230555295944214
