Wall time,Step,Value
1702624663.836947,0,0.6630555391311646
1702624664.366699,1,0.8583333492279053
1702624664.666978,2,0.9097222089767456
1702624664.952198,3,0.9211111068725586
1702624665.204784,4,0.9238888621330261
1702624665.787148,5,0.9233333468437195
1702624666.078316,6,0.9247221946716309
1702624666.375612,7,0.9255555272102356
1702624666.700947,8,0.9227777719497681
1702624667.107116,9,0.9247221946716309
