Wall time,Step,Value
1702728303.212329,0,0.7755555510520935
1702728303.412767,1,0.9058333039283752
1702728303.559236,2,0.9172222018241882
1702728303.705341,3,0.9211111068725586
1702728303.860412,4,0.9236111044883728
1702728304.007343,5,0.9238888621330261
1702728304.158043,6,0.92166668176651
1702728304.305315,7,0.9263888597488403
1702728304.455888,8,0.9252777695655823
1702728304.604674,9,0.9236111044883728
